type,name,module,path,hash
"csv","agent-manifest","_cfg","bmad/_cfg/agent-manifest.csv","3737ba9f4d98e0f017ba99a26013cf1623120bf78e3670772bcea39e26376094"
"csv","task-manifest","_cfg","bmad/_cfg/task-manifest.csv","7fccf1cdffa6d592342f9edd9e13c042fffea2dbcbb79b043fbd69a7e610c875"
"csv","workflow-manifest","_cfg","bmad/_cfg/workflow-manifest.csv","f2cf9fd4114dc03b4784bb0390b0efc22bd23e90c36e82d40f809ac6a97f3d82"
"yaml","manifest","_cfg","bmad/_cfg/manifest.yaml","9518fdcb32a9118775819b529f36fb3a19ac834c91cb399964b446226186e9fe"
"csv","default-party","bmm","bmad/bmm/teams/default-party.csv","43209253a2e784e6b054a4ac427c9532a50d9310f6a85052d93ce975b9162156"
"csv","documentation-requirements","bmm","bmad/bmm/workflows/document-project/documentation-requirements.csv","d1253b99e88250f2130516b56027ed706e643bfec3d99316727a4c6ec65c6c1d"
"csv","domain-complexity","bmm","bmad/bmm/workflows/2-plan-workflows/prd/domain-complexity.csv","ed4d30e9fd87db2d628fb66cac7a302823ef6ebb3a8da53b9265326f10a54e11"
"csv","domain-complexity","bmm","bmad/bmm/workflows/3-solutioning/architecture/data/domain-complexity.csv","cb9244ed2084143146f9f473244ad9cf63d33891742b9f6fbcb6e354fa4f3a93"
"csv","project-types","bmm","bmad/bmm/workflows/2-plan-workflows/prd/project-types.csv","7a01d336e940fb7a59ff450064fd1194cdedda316370d939264a0a0adcc0aca3"
"csv","project-types","bmm","bmad/bmm/workflows/3-solutioning/architecture/data/project-types.csv","12343635a2f11343edb1d46906981d6f5e12b9cad2f612e13b09460b5e5106e7"
"csv","tea-index","bmm","bmad/bmm/testarch/tea-index.csv","374a8d53b5e127a9440751a02c5112c66f81bc00e2128d11d11f16d8f45292ea"
"excalidraw","workflow-method-greenfield","bmm","bmad/bmm/docs/images/workflow-method-greenfield.excalidraw","ddd42ea8d7ec49c47d6a9eb45d418c964e7a49d12e627e5b942d745e82899cd2"
"json","excalidraw-library","bmm","bmad/bmm/workflows/diagrams/_shared/excalidraw-library.json","8e5079f4e79ff17f4781358423f2126a1f14ab48bbdee18fd28943865722030c"
"json","project-scan-report-schema","bmm","bmad/bmm/workflows/document-project/templates/project-scan-report-schema.json","53255f15a10cab801a1d75b4318cdb0095eed08c51b3323b7e6c236ae6b399b7"
"md","agents-guide","bmm","bmad/bmm/docs/agents-guide.md","03e919617d8667ea8290b7e5ad4347e3d03ddf786ad41b34f02de18b093671b4"
"md","analyst","bmm","bmad/bmm/agents/analyst.md","3cd9534a6f7da51bf7ecea64bfb9f63f300db27e8533ed7d1f94d44fe20ea15f"
"md","api-request","bmm","bmad/bmm/testarch/knowledge/api-request.md","93ac674f645cb389aafe08ce31e53280ebc0385c59e585a199b772bb0e0651fb"
"md","architect","bmm","bmad/bmm/agents/architect.md","41748c8ad653c16b571758de6dbc09671f2dbc755ca5cb3a765e76814fe1c47b"
"md","architecture-decision-template","bmm","bmad/bmm/workflows/3-solutioning/architecture/architecture-decision-template.md","677abaa21e5ea5aa11ea84d596f3ff81506652b5929b6403d404d9c7623c3752"
"md","atdd-checklist-template","bmm","bmad/bmm/workflows/testarch/atdd/atdd-checklist-template.md","9944d7b488669bbc6e9ef537566eb2744e2541dad30a9b2d9d4ae4762f66b337"
"md","auth-session","bmm","bmad/bmm/testarch/knowledge/auth-session.md","b2ee00c5650655311ff54d20dcd6013afb5b280a66faa8336f9fb810436f1aab"
"md","bmad-quick-flow","bmm","bmad/bmm/docs/bmad-quick-flow.md","e437c81feedf8a981595a6f53119d5ffff37b3815d0b58901340b1908d470136"
"md","brownfield-guide","bmm","bmad/bmm/docs/brownfield-guide.md","abba45d1215c362b1d90d8682cff09b3498e89d960db53931124a17fcfb0b02f"
"md","burn-in","bmm","bmad/bmm/testarch/knowledge/burn-in.md","5ba3d2abe6b961e5bc3948ab165e801195bff3ee6e66569c00c219b484aa4b5d"
"md","checklist","bmm","bmad/bmm/workflows/3-solutioning/implementation-readiness/checklist.md","6024d4064ad1010a9bbdbaa830c01adba27c1aba6bf0153d88eee460427af799"
"md","checklist","bmm","bmad/bmm/workflows/4-implementation/correct-course/checklist.md","c02bdd4bf4b1f8ea8f7c7babaa485d95f7837818e74cef07486a20b31671f6f5"
"md","checklist","bmm","bmad/bmm/workflows/4-implementation/create-story/checklist.md","da609c09af4a9dea4a0a3cb2bd691b5032e15120f539c9b43f7452cfbe68cafb"
"md","checklist","bmm","bmad/bmm/workflows/4-implementation/dev-story/checklist.md","5e9fe3c5df30f2ab79eac375317d4d1ade1face371d2ac669cef52762afe0fc4"
"md","checklist","bmm","bmad/bmm/workflows/4-implementation/sprint-planning/checklist.md","80b10aedcf88ab1641b8e5f99c9a400c8fd9014f13ca65befc5c83992e367dd7"
"md","checklist","bmm","bmad/bmm/workflows/bmad-quick-flow/quick-dev/checklist.md","7a26f68fa535caa6b461c4e84846241db4669da29b19a7ab510eeeff434bae12"
"md","checklist","bmm","bmad/bmm/workflows/diagrams/create-dataflow/checklist.md","f420aaf346833dfda5454ffec9f90a680e903453bcc4d3e277d089e6781fec55"
"md","checklist","bmm","bmad/bmm/workflows/diagrams/create-diagram/checklist.md","6357350a6e2237c1b819edd8fc847e376192bf802000cb1a4337c9584fc91a18"
"md","checklist","bmm","bmad/bmm/workflows/diagrams/create-flowchart/checklist.md","45aaf882b8e9a1042683406ae2cfc0b23d3d39bd1dac3ddb0778d5b7165f7047"
"md","checklist","bmm","bmad/bmm/workflows/diagrams/create-wireframe/checklist.md","588f9354bf366c173aa261cf5a8b3a87c878ea72fd2c0f8088c4b3289e984641"
"md","checklist","bmm","bmad/bmm/workflows/document-project/checklist.md","2f1edb9e5e0b003f518b333ae842f344ff94d4dda7df07ba7f30c5b066013a68"
"md","checklist","bmm","bmad/bmm/workflows/testarch/atdd/checklist.md","c4fa594d949dd8f1f818c11054b28643b458ab05ed90cf65f118deb1f4818e9f"
"md","checklist","bmm","bmad/bmm/workflows/testarch/automate/checklist.md","bf1ae220c15c9f263967d1606658b19adcd37d57aef2b0faa30d34f01e5b0d22"
"md","checklist","bmm","bmad/bmm/workflows/testarch/ci/checklist.md","c40143aaf0e34c264a2f737e14a50ec85d861bda78235cf01a3c63413d996dc8"
"md","checklist","bmm","bmad/bmm/workflows/testarch/framework/checklist.md","16cc3aee710abb60fb85d2e92f0010b280e66b38fac963c0955fb36e7417103a"
"md","checklist","bmm","bmad/bmm/workflows/testarch/nfr-assess/checklist.md","044416df40402db39eb660509eedadafc292c16edc247cf93812f2a325ee032c"
"md","checklist","bmm","bmad/bmm/workflows/testarch/test-design/checklist.md","1a7e5e975d5a2bd3afd81e743e5ee3a2aa72571fce250caac24a6643808394eb"
"md","checklist","bmm","bmad/bmm/workflows/testarch/test-review/checklist.md","0626c675114c23019e20e4ae2330a64baba43ad11774ff268c027b3c584a0891"
"md","checklist","bmm","bmad/bmm/workflows/testarch/trace/checklist.md","a4468ae2afa9cf676310ec1351bb34317d5390e4a02ded9684cc15a62f2fd4fd"
"md","ci-burn-in","bmm","bmad/bmm/testarch/knowledge/ci-burn-in.md","de0092c37ea5c24b40a1aff90c5560bbe0c6cc31702de55d4ea58c56a2e109af"
"md","component-tdd","bmm","bmad/bmm/testarch/knowledge/component-tdd.md","88bd1f9ca1d5bcd1552828845fe80b86ff3acdf071bac574eda744caf7120ef8"
"md","contract-testing","bmm","bmad/bmm/testarch/knowledge/contract-testing.md","d8f662c286b2ea4772213541c43aebef006ab6b46e8737ebdc4a414621895599"
"md","data-factories","bmm","bmad/bmm/testarch/knowledge/data-factories.md","d7428fe7675da02b6f5c4c03213fc5e542063f61ab033efb47c1c5669b835d88"
"md","deep-dive-instructions","bmm","bmad/bmm/workflows/document-project/workflows/deep-dive-instructions.md","a567fc43c918ca3f77440e75ce2ac7779740550ad848cade130cca1837115c1e"
"md","deep-dive-template","bmm","bmad/bmm/workflows/document-project/templates/deep-dive-template.md","6198aa731d87d6a318b5b8d180fc29b9aa53ff0966e02391c17333818e94ffe9"
"md","dev","bmm","bmad/bmm/agents/dev.md","7e5c83353669e96c3333f84a01ca24a51d4bc7961efa42c1531c76c564a7c938"
"md","documentation-standards","bmm","bmad/bmm/data/documentation-standards.md","fc26d4daff6b5a73eb7964eacba6a4f5cf8f9810a8c41b6949c4023a4176d853"
"md","email-auth","bmm","bmad/bmm/testarch/knowledge/email-auth.md","43f4cc3138a905a91f4a69f358be6664a790b192811b4dfc238188e826f6b41b"
"md","enterprise-agentic-development","bmm","bmad/bmm/docs/enterprise-agentic-development.md","3c786451eaac01b9b24b9950c32244da973aa831e3c3d8091769d685fd3c0822"
"md","epics-template","bmm","bmad/bmm/workflows/3-solutioning/create-epics-and-stories/epics-template.md","9adb82dfce092b40756578c15eddab540c5c987abd7fcc323f3d76b2999eb115"
"md","error-handling","bmm","bmad/bmm/testarch/knowledge/error-handling.md","8a314eafb31e78020e2709d88aaf4445160cbefb3aba788b62d1701557eb81c1"
"md","faq","bmm","bmad/bmm/docs/faq.md","ae791150e73625c79a93f07e9385f45b7c2026676071a0e7de6bc4ebebb317cf"
"md","feature-flags","bmm","bmad/bmm/testarch/knowledge/feature-flags.md","f6db7e8de2b63ce40a1ceb120a4055fbc2c29454ad8fca5db4e8c065d98f6f49"
"md","file-utils","bmm","bmad/bmm/testarch/knowledge/file-utils.md","e0d4e98ca6ec32035ae07a14880c65ab99298e9240404d27a05788c974659e8b"
"md","fixture-architecture","bmm","bmad/bmm/testarch/knowledge/fixture-architecture.md","a3b6c1bcaf5e925068f3806a3d2179ac11dde7149e404bc4bb5602afb7392501"
"md","fixtures-composition","bmm","bmad/bmm/testarch/knowledge/fixtures-composition.md","8e57a897663a272fd603026aeec76941543c1e09d129e377846726fd405f3a5a"
"md","full-scan-instructions","bmm","bmad/bmm/workflows/document-project/workflows/full-scan-instructions.md","6c6e0d77b33f41757eed8ebf436d4def69cd6ce412395b047bf5909f66d876aa"
"md","glossary","bmm","bmad/bmm/docs/glossary.md","e3211b659955d30268ff7804e56c66bb7f087f2fb8806fca2ecacd071d96e4bf"
"md","index-template","bmm","bmad/bmm/workflows/document-project/templates/index-template.md","42c8a14f53088e4fda82f26a3fe41dc8a89d4bcb7a9659dd696136378b64ee90"
"md","instructions","bmm","bmad/bmm/workflows/3-solutioning/create-epics-and-stories/instructions.md","a4427597050a8f9f3c69092e6677e93aca3178044152398ac5f1bab4d8ecf4c8"
"md","instructions","bmm","bmad/bmm/workflows/3-solutioning/implementation-readiness/instructions.md","d000a383dffcd6606a4984fa332cc6294d784f1db841739161c0cde030613c49"
"md","instructions","bmm","bmad/bmm/workflows/4-implementation/correct-course/instructions.md","36bdc26a75adcba6aba508f3384512502d6640f96926742666e026f1eb380666"
"md","instructions","bmm","bmad/bmm/workflows/4-implementation/retrospective/instructions.md","affe11f9528d7ed244a5def0209097826686ef39626c8219c23f5174b0e657cb"
"md","instructions","bmm","bmad/bmm/workflows/4-implementation/sprint-planning/instructions.md","0456996ca4dc38e832d64b72650c4f6f1048c0ce6e8d996a5a0ec16bc9a589f5"
"md","instructions","bmm","bmad/bmm/workflows/bmad-quick-flow/create-tech-spec/instructions.md","4fe696440982bdfb01d936a20c55aea658d934786ec9918b4080e36730c5ad4d"
"md","instructions","bmm","bmad/bmm/workflows/bmad-quick-flow/quick-dev/instructions.md","dc457757a92589af70c6eba1aa856d821917a655feaa627b88d32ccfa7e9e359"
"md","instructions","bmm","bmad/bmm/workflows/diagrams/create-dataflow/instructions.md","d07ed411e68fce925af5e59800e718406a783f8b94dadaa42425f3a33f460637"
"md","instructions","bmm","bmad/bmm/workflows/diagrams/create-diagram/instructions.md","231d3ce0f0fe0f8af9010acebf2720eb858a45ea34cd1e7ec8385878bcd5e27f"
"md","instructions","bmm","bmad/bmm/workflows/diagrams/create-flowchart/instructions.md","36e8b3327dd6c97270f11de6f3bea346c17dd1b0e25fef65245fe166b00a2543"
"md","instructions","bmm","bmad/bmm/workflows/diagrams/create-wireframe/instructions.md","60309b71a73d1bee9804aaf63228c917066b8da64b929b32813b1d0411a8b8b2"
"md","instructions","bmm","bmad/bmm/workflows/document-project/instructions.md","c67bd666382131bead7d4ace1ac6f0c9acd2d1d1b2a82314b4b90bda3a15eeb4"
"md","instructions","bmm","bmad/bmm/workflows/testarch/atdd/instructions.md","eef9fc4eb4b866bacfc3e5b85a492c0f45530640c648cbe1dbbc78885db9a21e"
"md","instructions","bmm","bmad/bmm/workflows/testarch/automate/instructions.md","49b5979463bd683271df610128e174ec08725e351500dbc2aa05b8b19e99d56c"
"md","instructions","bmm","bmad/bmm/workflows/testarch/ci/instructions.md","92e2474a62285c7bee9ff53236db0ab5da4a6fb5fd5aa2dca49e0ac631cc3428"
"md","instructions","bmm","bmad/bmm/workflows/testarch/framework/instructions.md","14009ff970a6dbce184439b466eac968abc26667271217981c314c1911a09db9"
"md","instructions","bmm","bmad/bmm/workflows/testarch/nfr-assess/instructions.md","7de16907253721c8baae2612be35325c6fa543765377783763a09739fa71f072"
"md","instructions","bmm","bmad/bmm/workflows/testarch/test-design/instructions.md","abe606f1b1daeb6da224ad8868515f7a3bdc1dcca95b74b3b53b891df8f6ecec"
"md","instructions","bmm","bmad/bmm/workflows/testarch/test-review/instructions.md","298e177043b4ef514085c05184cc90f5c00df8b4cd6b1cc898283d21abaadeb8"
"md","instructions","bmm","bmad/bmm/workflows/testarch/trace/instructions.md","fe499a09c4bebbff0a0bce763ced2c36bee5c36b268a4abb4e964a309ff2fa20"
"md","instructions","bmm","bmad/bmm/workflows/workflow-status/init/instructions.md","4377ed6015f4e0a6b9c85b68343f3ebcefefe5f08c77386d280ed9d13adfd592"
"md","instructions","bmm","bmad/bmm/workflows/workflow-status/instructions.md","ee1d418a8360906a505abc019e22fbd94a0bc7deaf7b8d5e4684240028b1b485"
"md","intercept-network-call","bmm","bmad/bmm/testarch/knowledge/intercept-network-call.md","fb551cb0cefe3c062c28ae255a121aaae098638ec35a16fcdba98f670887ab6a"
"md","log","bmm","bmad/bmm/testarch/knowledge/log.md","b6267716ccbe6f9e2cc1b2b184501faeb30277bc8546206a66f31500c52381d0"
"md","network-error-monitor","bmm","bmad/bmm/testarch/knowledge/network-error-monitor.md","0380eb6df15af0a136334ad00cf44c92c779f311b07231f5aa6230e198786799"
"md","network-first","bmm","bmad/bmm/testarch/knowledge/network-first.md","2920e58e145626f5505bcb75e263dbd0e6ac79a8c4c2ec138f5329e06a6ac014"
"md","network-recorder","bmm","bmad/bmm/testarch/knowledge/network-recorder.md","9f120515cc377c4c500ec0b5fff0968666a9a4edee03a328d92514147d50f073"
"md","nfr-criteria","bmm","bmad/bmm/testarch/knowledge/nfr-criteria.md","e63cee4a0193e4858c8f70ff33a497a1b97d13a69da66f60ed5c9a9853025aa1"
"md","nfr-report-template","bmm","bmad/bmm/workflows/testarch/nfr-assess/nfr-report-template.md","b1d8fcbdfc9715a285a58cb161242dea7d311171c09a2caab118ad8ace62b80c"
"md","overview","bmm","bmad/bmm/testarch/knowledge/overview.md","96e86563da978f78b8a28d1bc4c15cebc3dc248a747fd83be40c9da7a7c9f065"
"md","party-mode","bmm","bmad/bmm/docs/party-mode.md","7acadc96c7235695a88cba42b5642e1ee3a7f96eb2264862f629e1d4280b9761"
"md","playwright-config","bmm","bmad/bmm/testarch/knowledge/playwright-config.md","42516511104a7131775f4446196cf9e5dd3295ba3272d5a5030660b1dffaa69f"
"md","pm","bmm","bmad/bmm/agents/pm.md","828623a38df01b66803527006938062d5e63277f03faf2c7aed5165dc384058a"
"md","prd-template","bmm","bmad/bmm/workflows/2-plan-workflows/prd/prd-template.md","6e8ef2f6b7806a19463d7875dfc9f0d478151a93e527b7ecd96dfe2115d74e3b"
"md","probability-impact","bmm","bmad/bmm/testarch/knowledge/probability-impact.md","446dba0caa1eb162734514f35366f8c38ed3666528b0b5e16c7f03fd3c537d0f"
"md","product-brief.template","bmm","bmad/bmm/workflows/1-analysis/product-brief/product-brief.template.md","0993d8a5b0bb42d1aebd092e726d0829bdcab6ccfa227dc3816626366e8ccf8c"
"md","project-context-template","bmm","bmad/bmm/data/project-context-template.md","34421aed3e0ad921dc0c0080297f3a2299735b00a25351de589ada99dae56559"
"md","project-context-template","bmm","bmad/bmm/workflows/generate-project-context/project-context-template.md","df2e7d5a78f80e96e90891219c6770849a6a4a61670cd80561d1c47a6302b974"
"md","project-overview-template","bmm","bmad/bmm/workflows/document-project/templates/project-overview-template.md","a7c7325b75a5a678dca391b9b69b1e3409cfbe6da95e70443ed3ace164e287b2"
"md","quick-flow-solo-dev","bmm","bmad/bmm/docs/quick-flow-solo-dev.md","8ca0bb322aeebe7ceff2598920eae6f8e450759cf1a232ad55efba71d94d6edf"
"md","quick-flow-solo-dev","bmm","bmad/bmm/agents/quick-flow-solo-dev.md","4356f2b84b8ae44c67c2a64c6c22c377b2e070b2d7194f8d2220b41b3575b61a"
"md","quick-start","bmm","bmad/bmm/docs/quick-start.md","d3d327c8743136c11c24bde16297bf4cb44953629c1f4a931dc3ef3fb12765e4"
"md","README","bmm","bmad/bmm/README.md","ad4e6d0c002e3a5fef1b695bda79e245fe5a43345375c699165b32d6fc511457"
"md","README","bmm","bmad/bmm/data/README.md","352c44cff4dd0e5a90cdf6781168ceb57f5a78eaabddcd168433d8784854e4fb"
"md","README","bmm","bmad/bmm/docs/README.md","9a6e8b9d8b4ad3bda55a3550e46b3f327bcfb8fa37eaaf352d115377adb77a33"
"md","recurse","bmm","bmad/bmm/testarch/knowledge/recurse.md","19056fb5b7e5e626aad81277b3e5eec333f2aed36a17aea6c7d8714a5460c8b2"
"md","research.template","bmm","bmad/bmm/workflows/1-analysis/research/research.template.md","f4d69c79661d05735017229898e5a5977770d620d7973a9e1a81c900603f4098"
"md","risk-governance","bmm","bmad/bmm/testarch/knowledge/risk-governance.md","2fa2bc3979c4f6d4e1dec09facb2d446f2a4fbc80107b11fc41cbef2b8d65d68"
"md","scale-adaptive-system","bmm","bmad/bmm/docs/scale-adaptive-system.md","343e3772c2e24e9ddd6b9278f72e48dc7be961ee5ad23496003cc17cac57314c"
"md","selective-testing","bmm","bmad/bmm/testarch/knowledge/selective-testing.md","c14c8e1bcc309dbb86a60f65bc921abf5a855c18a753e0c0654a108eb3eb1f1c"
"md","selector-resilience","bmm","bmad/bmm/testarch/knowledge/selector-resilience.md","a55c25a340f1cd10811802665754a3f4eab0c82868fea61fea9cc61aa47ac179"
"md","sm","bmm","bmad/bmm/agents/sm.md","0b87ee5d9d4fef0663a155f80171f67b9c77d0f99be6df863eadba19455de3c0"
"md","source-tree-template","bmm","bmad/bmm/workflows/document-project/templates/source-tree-template.md","109bc335ebb22f932b37c24cdc777a351264191825444a4d147c9b82a1e2ad7a"
"md","step-01-discover","bmm","bmad/bmm/workflows/generate-project-context/steps/step-01-discover.md","150bbebcbfbe5f4b57ad0fc4a3b2b992d9dc537c3e3c018c47e267abf6f886a3"
"md","step-01-init","bmm","bmad/bmm/workflows/1-analysis/product-brief/steps/step-01-init.md","8fe8b488f6766456ba0dc9ac7d45e145c1266dcaca4633ae850c101381d4db54"
"md","step-01-init","bmm","bmad/bmm/workflows/1-analysis/research/domain-steps/step-01-init.md","7217db4dc4483225df0ebe0af7b43454861672c2e8b15b500911554473cf7212"
"md","step-01-init","bmm","bmad/bmm/workflows/1-analysis/research/market-steps/step-01-init.md","5d40ea121fa2404881df12001de50b30f5d38c6b835244d3e39d31710fa41bd0"
"md","step-01-init","bmm","bmad/bmm/workflows/1-analysis/research/technical-steps/step-01-init.md","8d398cc4af6df4f26b88e406b900606bcbf09833cea882d4f00ec0df45e1e881"
"md","step-01-init","bmm","bmad/bmm/workflows/2-plan-workflows/create-ux-design/steps/step-01-init.md","8c0811939c75acc2400c4670ac0a3721d8d8df1564119e625ea6a70bb56e5ace"
"md","step-01-init","bmm","bmad/bmm/workflows/2-plan-workflows/prd/steps/step-01-init.md","9d5eebacd9f0fc8f5bdc2cd5e8f83eef77048a0c99e4bf03eb0f73ebddbe547e"
"md","step-01-init","bmm","bmad/bmm/workflows/3-solutioning/architecture/steps/step-01-init.md","f464457c30fef1dcc5b5fd31d3feef8aa807f16f85f998d61e5fa9391aa02774"
"md","step-01b-continue","bmm","bmad/bmm/workflows/1-analysis/product-brief/steps/step-01b-continue.md","029570dbfd0cede406fd6de79e9196d9a673007f2b3687c4ff9a6d1380c1a4cf"
"md","step-01b-continue","bmm","bmad/bmm/workflows/2-plan-workflows/create-ux-design/steps/step-01b-continue.md","e897baf661717873e781abfea7b0f30dc0fc5668e8dfb87511f8d848e4429e78"
"md","step-01b-continue","bmm","bmad/bmm/workflows/2-plan-workflows/prd/steps/step-01b-continue.md","d4b123ea35237766092c79ec90a1f39fca4af4c2fdd52fb922262c4c8a6c3f09"
"md","step-01b-continue","bmm","bmad/bmm/workflows/3-solutioning/architecture/steps/step-01b-continue.md","4188f4abe9674b83108571317f8be8e35fc95d51d156397827dded6ef7429213"
"md","step-02-context","bmm","bmad/bmm/workflows/3-solutioning/architecture/steps/step-02-context.md","2875692c74095e5f9eedf88bb461c56685373a938ee436bddbfa1e1304c60956"
"md","step-02-customer-behavior","bmm","bmad/bmm/workflows/1-analysis/research/market-steps/step-02-customer-behavior.md","eaa60369524f44ee603356947fa91ad221c0a1718f116573a2dc45ee28c77636"
"md","step-02-customer-insights","bmm","bmad/bmm/workflows/1-analysis/research/market-steps/step-02-customer-insights.md","9a8f3e940e8283169c42c0f220b3fd5d4b1534e75ce16a61b5f6db9d5501a115"
"md","step-02-discovery","bmm","bmad/bmm/workflows/2-plan-workflows/create-ux-design/steps/step-02-discovery.md","a618c7b9c1cc8fa4ac859e36b979cbbfa66fee8d2e50015f902cc8fbe7c6ddcb"
"md","step-02-discovery","bmm","bmad/bmm/workflows/2-plan-workflows/prd/steps/step-02-discovery.md","de6f77dba3c87937bc699c064f45bd8da5ed880688b2ad6047887fdc303d35db"
"md","step-02-domain-analysis","bmm","bmad/bmm/workflows/1-analysis/research/domain-steps/step-02-domain-analysis.md","0b76d6833d03c60fcf328144af76c6f394bfc9119b30f716edda76e313627c20"
"md","step-02-generate","bmm","bmad/bmm/workflows/generate-project-context/steps/step-02-generate.md","3ce90684fcbe072c568f53e0518dafbe2cddbf9b78195ace806f277374c2e7a1"
"md","step-02-technical-overview","bmm","bmad/bmm/workflows/1-analysis/research/technical-steps/step-02-technical-overview.md","8dc412ebc70baeb95572169b61d2a3bce4d97974c427697c018f7a04810700a4"
"md","step-02-vision","bmm","bmad/bmm/workflows/1-analysis/product-brief/steps/step-02-vision.md","3c880759b86ff79b9bfa28bd55eb3a90d8bdaf79ed010467ba7fb0906f5b5bd7"
"md","step-03-competitive-landscape","bmm","bmad/bmm/workflows/1-analysis/research/domain-steps/step-03-competitive-landscape.md","010ad8d8836fa4bad044784adb4525836dceccdd21c8965ee5a95b85eb1692b5"
"md","step-03-complete","bmm","bmad/bmm/workflows/generate-project-context/steps/step-03-complete.md","9158815e89b1ac9c959502a8dfcff0c019a736aabea7d7e6f319984f65ba5c73"
"md","step-03-core-experience","bmm","bmad/bmm/workflows/2-plan-workflows/create-ux-design/steps/step-03-core-experience.md","be36e09b94f46140b84af7bfecad7b0dc2513c057b9a72969f5e1a7c56673426"
"md","step-03-customer-pain-points","bmm","bmad/bmm/workflows/1-analysis/research/market-steps/step-03-customer-pain-points.md","e29664f2d9785b37d554328f240203e0ab5d162eea0b90113a4c9a2a08300c5d"
"md","step-03-integration-patterns","bmm","bmad/bmm/workflows/1-analysis/research/technical-steps/step-03-integration-patterns.md","7da3cb291e729c1047b768bc5448bdda2925cb677b21faab29b9e30a424094dc"
"md","step-03-starter","bmm","bmad/bmm/workflows/3-solutioning/architecture/steps/step-03-starter.md","51f7153f256fc0c35c87c4f6aad6bd44b390a34a18c77eaba757bd1c90a54109"
"md","step-03-success","bmm","bmad/bmm/workflows/2-plan-workflows/prd/steps/step-03-success.md","81d19fe5714a6a518c729c0faaeda7e91d520fe1dad377133b9862d37ff4d3ea"
"md","step-03-users","bmm","bmad/bmm/workflows/1-analysis/product-brief/steps/step-03-users.md","bcbc8a7d46c892fe235feec68e5d15864c934dcbe71bcefa590e156ed47b32e7"
"md","step-04-architectural-patterns","bmm","bmad/bmm/workflows/1-analysis/research/technical-steps/step-04-architectural-patterns.md","c920adb8a89468e54311590b251816001e6613f93231bae0314c3ae65ba0390f"
"md","step-04-customer-decisions","bmm","bmad/bmm/workflows/1-analysis/research/market-steps/step-04-customer-decisions.md","73c47be59274d468fff85340a75b27c8c74cb9fcce1a873ef87985ddb2152847"
"md","step-04-decisions","bmm","bmad/bmm/workflows/3-solutioning/architecture/steps/step-04-decisions.md","c2678e2d91a35acb26fee5db15a0c4db202a5af1f99e5443849da81bdf667cbf"
"md","step-04-emotional-response","bmm","bmad/bmm/workflows/2-plan-workflows/create-ux-design/steps/step-04-emotional-response.md","ecaf542e3e73423898a1d7ff12cc183e9ccf94110e934fbe731765627f684513"
"md","step-04-journeys","bmm","bmad/bmm/workflows/2-plan-workflows/prd/steps/step-04-journeys.md","f662fac4a84e691ae0a7e0b4780d360cbbb05caee072f0ce99691aba2492ed30"
"md","step-04-metrics","bmm","bmad/bmm/workflows/1-analysis/product-brief/steps/step-04-metrics.md","6e4c8aaa2577e2608df8dc1ac6893c38b406c4e292ba4673221c685c65275380"
"md","step-04-regulatory-focus","bmm","bmad/bmm/workflows/1-analysis/research/domain-steps/step-04-regulatory-focus.md","5802b821f8c239df37f841aa39da4896c50deb7f21a8969096e2e728fb080b9f"
"md","step-05-competitive-analysis","bmm","bmad/bmm/workflows/1-analysis/research/market-steps/step-05-competitive-analysis.md","58db83a5dc34725cf39a033976adac23af33a49be38e96dde167a8299f9e62ba"
"md","step-05-domain","bmm","bmad/bmm/workflows/2-plan-workflows/prd/steps/step-05-domain.md","96ebf219bb5fcb2d850cbea98d68cddd42c13ea91048cf61b67e710319131e27"
"md","step-05-implementation-research","bmm","bmad/bmm/workflows/1-analysis/research/technical-steps/step-05-implementation-research.md","4c8e1ba94879be798c82e7a09030eaff65ca2a0a9fd89e7426353a3ea4fcf207"
"md","step-05-inspiration","bmm","bmad/bmm/workflows/2-plan-workflows/create-ux-design/steps/step-05-inspiration.md","cd3c0612dacb466d8c8c1cebba688852f32dd188e8bc7ae3405be18b779be1e6"
"md","step-05-patterns","bmm","bmad/bmm/workflows/3-solutioning/architecture/steps/step-05-patterns.md","3fff9ec3b093a089b332fb905728dc5c9206cab9ce0ee8dcecf389a123b4d8ad"
"md","step-05-scope","bmm","bmad/bmm/workflows/1-analysis/product-brief/steps/step-05-scope.md","fa80e32015904b2f88fe210c64842d10b996bbd074529b36b91ef23199c4dfaa"
"md","step-05-technical-trends","bmm","bmad/bmm/workflows/1-analysis/research/domain-steps/step-05-technical-trends.md","e88098ca9ff044836c205c2c3f71f35b8ba8743073d93d2f75ef25176424065a"
"md","step-06-complete","bmm","bmad/bmm/workflows/1-analysis/product-brief/steps/step-06-complete.md","4265c8e99832037f2a9e9cff8430a0775aec6c500765468b93abc316d136ad0d"
"md","step-06-design-system","bmm","bmad/bmm/workflows/2-plan-workflows/create-ux-design/steps/step-06-design-system.md","21548ba370fcebd0ee14178e0beff84930523e166c8b570ac0a590ab66459970"
"md","step-06-innovation","bmm","bmad/bmm/workflows/2-plan-workflows/prd/steps/step-06-innovation.md","9f111523dbb43eb0a33c12afbb7af689e4088b0fff6358024329dfe487b5cee7"
"md","step-06-research-completion","bmm","bmad/bmm/workflows/1-analysis/research/market-steps/step-06-research-completion.md","d865465d21c182b7437a4baf43db75be3443a0f520c7e9810cde337c8909787a"
"md","step-06-research-synthesis","bmm","bmad/bmm/workflows/1-analysis/research/domain-steps/step-06-research-synthesis.md","679307b56acbc642f5fb890862d6ab4d5b61225fe962e5781856460fc1503ee5"
"md","step-06-research-synthesis","bmm","bmad/bmm/workflows/1-analysis/research/technical-steps/step-06-research-synthesis.md","d4ab0753a897c3a0412579739c0f21608ec026ff051e934872c8fca6faf0b93d"
"md","step-06-structure","bmm","bmad/bmm/workflows/3-solutioning/architecture/steps/step-06-structure.md","61e4b0c0fb330f13bea220f0c9c8e4f756e9ac19ae3e2b3dfafdbc4a8a4e01c7"
"md","step-07-defining-experience","bmm","bmad/bmm/workflows/2-plan-workflows/create-ux-design/steps/step-07-defining-experience.md","739d82e834c5bc65a7ec0f4b356b5beb79c782fa4a93b1651beb1468f8f7a087"
"md","step-07-project-type","bmm","bmad/bmm/workflows/2-plan-workflows/prd/steps/step-07-project-type.md","a2b824437af01fab107d9b23a4b7b3e2a016c7df96d8de04166b61a6c1adf4f5"
"md","step-07-validation","bmm","bmad/bmm/workflows/3-solutioning/architecture/steps/step-07-validation.md","83ff68cce8340a603ee8dd028aaace6bf85f92c810422b89b94c57a8ef541df5"
"md","step-08-complete","bmm","bmad/bmm/workflows/3-solutioning/architecture/steps/step-08-complete.md","87f452c0d8d023166f6805494ef10624e11b3793472411b922b02c006cf723b4"
"md","step-08-scoping","bmm","bmad/bmm/workflows/2-plan-workflows/prd/steps/step-08-scoping.md","b05c65d8bf0e58ccd5400e5f7e12611f131a1951ed42d9c244b6972d2ecb157b"
"md","step-08-visual-foundation","bmm","bmad/bmm/workflows/2-plan-workflows/create-ux-design/steps/step-08-visual-foundation.md","fa7e5214293a97225a55be1aa0277e6d5bc545ef9cbec84f45f6d6e4a655a40c"
"md","step-09-design-directions","bmm","bmad/bmm/workflows/2-plan-workflows/create-ux-design/steps/step-09-design-directions.md","352e5636a19798e7fa118bd10958e13dd1e2c4ac4e3c111cfc5a4a9c1dbe469e"
"md","step-09-functional","bmm","bmad/bmm/workflows/2-plan-workflows/prd/steps/step-09-functional.md","095332057a25a01cc193c4b9a9f4b6dfbaf3f361e06289031656c64166e89e3e"
"md","step-10-nonfunctional","bmm","bmad/bmm/workflows/2-plan-workflows/prd/steps/step-10-nonfunctional.md","87650f7233515a1b3c04f70afac1d3e26b3879a746a47d593f4ba26a693d499e"
"md","step-10-user-journeys","bmm","bmad/bmm/workflows/2-plan-workflows/create-ux-design/steps/step-10-user-journeys.md","b258da09427d558f9f78a292146be9f2fc927cdedc20cf0ee2278b90e0f5435d"
"md","step-11-complete","bmm","bmad/bmm/workflows/2-plan-workflows/prd/steps/step-11-complete.md","11f0c99c116444406a4380494523463004eda1e46eaf32345d0e5d8200482163"
"md","step-11-component-strategy","bmm","bmad/bmm/workflows/2-plan-workflows/create-ux-design/steps/step-11-component-strategy.md","3329c3b913802be8d5cc02e75b532796c6ffd45f4212830c2a919ccd0a2457ca"
"md","step-12-ux-patterns","bmm","bmad/bmm/workflows/2-plan-workflows/create-ux-design/steps/step-12-ux-patterns.md","62bc6dfe807b6b57ac853dd52e8820703a23fdeee618710034c0486fbc222c9b"
"md","step-13-responsive-accessibility","bmm","bmad/bmm/workflows/2-plan-workflows/create-ux-design/steps/step-13-responsive-accessibility.md","d74240090a320468b9e5e961bbbf8375f0aa3599e65ceadfb6c291ef48b34e7e"
"md","step-14-complete","bmm","bmad/bmm/workflows/2-plan-workflows/create-ux-design/steps/step-14-complete.md","833ba63b697ba5f8e35a7d53784c2646ce4e1726ce2dfa53bf3a9fb6880ba532"
"md","tea","bmm","bmad/bmm/agents/tea.md","a02227a460a89752aa0a12290367131cd1d5e87d55e11f430976e789ea6aef86"
"md","tech-writer","bmm","bmad/bmm/agents/tech-writer.md","849a1f8b1996ef4d226d16f113df91ac152812edbb93f3176d88e72ca5c681de"
"md","template","bmm","bmad/bmm/workflows/3-solutioning/implementation-readiness/template.md","d8e5fdd62adf9836f7f6cccd487df9b260b392da2e45d2c849ecc667b9869427"
"md","template","bmm","bmad/bmm/workflows/4-implementation/create-story/template.md","83c5d21312c0f2060888a2a8ba8332b60f7e5ebeb9b24c9ee59ba96114afb9c9"
"md","test-architecture","bmm","bmad/bmm/docs/test-architecture.md","105b572320e6d33b9167c2614a3ca94af9c514c741f47efe3834a7fcb449bcff"
"md","test-design-template","bmm","bmad/bmm/workflows/testarch/test-design/test-design-template.md","0902ec300d59458bcfc2df24da2622b607b557f26e6d407e093b7c7dbc515ba5"
"md","test-healing-patterns","bmm","bmad/bmm/testarch/knowledge/test-healing-patterns.md","b44f7db1ebb1c20ca4ef02d12cae95f692876aee02689605d4b15fe728d28fdf"
"md","test-levels-framework","bmm","bmad/bmm/testarch/knowledge/test-levels-framework.md","80bbac7959a47a2e7e7de82613296f906954d571d2d64ece13381c1a0b480237"
"md","test-priorities-matrix","bmm","bmad/bmm/testarch/knowledge/test-priorities-matrix.md","321c3b708cc19892884be0166afa2a7197028e5474acaf7bc65c17ac861964a5"
"md","test-quality","bmm","bmad/bmm/testarch/knowledge/test-quality.md","97b6db474df0ec7a98a15fd2ae49671bb8e0ddf22963f3c4c47917bb75c05b90"
"md","test-review-template","bmm","bmad/bmm/workflows/testarch/test-review/test-review-template.md","3e68a73c48eebf2e0b5bb329a2af9e80554ef443f8cd16652e8343788f249072"
"md","timing-debugging","bmm","bmad/bmm/testarch/knowledge/timing-debugging.md","c4c87539bbd3fd961369bb1d7066135d18c6aad7ecd70256ab5ec3b26a8777d9"
"md","trace-template","bmm","bmad/bmm/workflows/testarch/trace/trace-template.md","5453a8e4f61b294a1fc0ba42aec83223ae1bcd5c33d7ae0de6de992e3ee42b43"
"md","ux-design-template","bmm","bmad/bmm/workflows/2-plan-workflows/create-ux-design/ux-design-template.md","ffa4b89376cd9db6faab682710b7ce755990b1197a8b3e16b17748656d1fca6a"
"md","ux-designer","bmm","bmad/bmm/agents/ux-designer.md","1b531d67d28d2ccaaa15397c6f2a0ef0f21328f3ff4bbefbc17095a0bbebcac9"
"md","visual-debugging","bmm","bmad/bmm/testarch/knowledge/visual-debugging.md","072a3d30ba6d22d5e628fc26a08f6e03f8b696e49d5a4445f37749ce5cd4a8a9"
"md","workflow","bmm","bmad/bmm/workflows/1-analysis/product-brief/workflow.md","ba3feefdac45da01c1449d31c4f4b9043379d193672c4ef5bdb0aa86b44da8a5"
"md","workflow","bmm","bmad/bmm/workflows/1-analysis/research/workflow.md","da57357f84ad7ed0b7078e0f3b482f0f91c86c83e5b27124f922a1f5b5287758"
"md","workflow","bmm","bmad/bmm/workflows/2-plan-workflows/create-ux-design/workflow.md","e563c4da058e14b82455aa497af9d005dffa0d002286a0838f1571c971051286"
"md","workflow","bmm","bmad/bmm/workflows/2-plan-workflows/prd/workflow.md","d729f1e394361a3c37a889d2faf1124c0f63c5433edd2e9b1250ee16c51f99aa"
"md","workflow","bmm","bmad/bmm/workflows/3-solutioning/architecture/workflow.md","254850b2167f11e2d367346fd22ef843277303ad32530a1b080f11ce88330286"
"md","workflow","bmm","bmad/bmm/workflows/generate-project-context/workflow.md","31b825edeab1f7a8bb4d82ae99daaec968506d4e68c52abf38e1bef50f023478"
"md","workflow-architecture-reference","bmm","bmad/bmm/docs/workflow-architecture-reference.md","36efd4e3d74d1739455e896e62b7711bf4179c572f1eef7a7fae7f2385adcc6d"
"md","workflow-document-project-reference","bmm","bmad/bmm/docs/workflow-document-project-reference.md","ae07462c68758985b4f84183d0921453c08e23fe38b0fa1a67d5e3a9f23f4c50"
"md","workflows-analysis","bmm","bmad/bmm/docs/workflows-analysis.md","351e7375bd1ac13ae6a4125091f13b3c10dfdada984252fc773f4128f2db110d"
"md","workflows-implementation","bmm","bmad/bmm/docs/workflows-implementation.md","b909f2183477a23045e87cbac0a8aefa32e8912622aefc958691216b623d0621"
"md","workflows-planning","bmm","bmad/bmm/docs/workflows-planning.md","be3e0347cb26380b4f978c7311efc033b01bd416c8cfbac4e3dec940ca99b2b4"
"md","workflows-solutioning","bmm","bmad/bmm/docs/workflows-solutioning.md","530e916e8448b21a1cfc710fe90f5a651f14936b520f74502de52a08a02a70cc"
"svg","workflow-method-greenfield","bmm","bmad/bmm/docs/images/workflow-method-greenfield.svg","15df53321a18cacdee0577d70ee8433787eb32f09d8604331888bf2ea138f4e7"
"xml","instructions","bmm","bmad/bmm/workflows/4-implementation/code-review/instructions.xml","be2af655c082e86ee95c7fda4ec8540155718e82057909cefddc8f387ad94f17"
"xml","instructions","bmm","bmad/bmm/workflows/4-implementation/create-story/instructions.xml","7a3423220d4828860eacce3bd78793fde30f7c42740d79a1698678df1f40695e"
"xml","instructions","bmm","bmad/bmm/workflows/4-implementation/dev-story/instructions.xml","d6df4313bda13e70744baa4149609a0616c826ce660aa5c323597a763426d8d5"
"yaml","analyst.agent","bmm","bmad/bmm/agents/analyst.agent.yaml",""
"yaml","architect.agent","bmm","bmad/bmm/agents/architect.agent.yaml",""
"yaml","config","bmm","bmad/bmm/config.yaml","a53ff811ccb26242144d6df9871a8605dfc4ded76867d1f4bdaf45beb42f97db"
"yaml","deep-dive","bmm","bmad/bmm/workflows/document-project/workflows/deep-dive.yaml","c401fb8d94ca96f3bb0ccc1146269e1bfa4ce4eadab52bd63c7fcff6c2f26216"
"yaml","dev.agent","bmm","bmad/bmm/agents/dev.agent.yaml",""
"yaml","enterprise-brownfield","bmm","bmad/bmm/workflows/workflow-status/paths/enterprise-brownfield.yaml","d4f52647ed894797c8b72d4a8a68e834f9973251f233eb0476c614bc81cfd194"
"yaml","enterprise-greenfield","bmm","bmad/bmm/workflows/workflow-status/paths/enterprise-greenfield.yaml","af047f81186fc3e5e8095e8067f3ac517e5ee6ebdd352ad1a950bce670280b51"
"yaml","excalidraw-templates","bmm","bmad/bmm/workflows/diagrams/_shared/excalidraw-templates.yaml","ca6e4ae85b5ab16df184ce1ddfdf83b20f9540db112ebf195cb793017f014a70"
"yaml","full-scan","bmm","bmad/bmm/workflows/document-project/workflows/full-scan.yaml","3d2e620b58902ab63e2d83304180ecd22ba5ab07183b3afb47261343647bde6f"
"yaml","github-actions-template","bmm","bmad/bmm/workflows/testarch/ci/github-actions-template.yaml","28c0de7c96481c5a7719596c85dd0ce8b5dc450d360aeaa7ebf6294dcf4bea4c"
"yaml","gitlab-ci-template","bmm","bmad/bmm/workflows/testarch/ci/gitlab-ci-template.yaml","bc83b9240ad255c6c2a99bf863b9e519f736c99aeb4b1e341b07620d54581fdc"
"yaml","method-brownfield","bmm","bmad/bmm/workflows/workflow-status/paths/method-brownfield.yaml","8580597b6207ddb45420c5b863b80b3077b5b40cb376e3cd43d84d116c651207"
"yaml","method-greenfield","bmm","bmad/bmm/workflows/workflow-status/paths/method-greenfield.yaml","dfa7c1d6f68929bcb1c764c4f18a8425d514aae1677eb6c44cccc76ab08db41c"
"yaml","pm.agent","bmm","bmad/bmm/agents/pm.agent.yaml",""
"yaml","project-levels","bmm","bmad/bmm/workflows/workflow-status/project-levels.yaml","414b9aefff3cfe864e8c14b55595abfe3157fd20d9ee11bb349a2b8c8e8b5449"
"yaml","quick-flow-solo-dev.agent","bmm","bmad/bmm/agents/quick-flow-solo-dev.agent.yaml",""
"yaml","sm.agent","bmm","bmad/bmm/agents/sm.agent.yaml",""
"yaml","sprint-status-template","bmm","bmad/bmm/workflows/4-implementation/sprint-planning/sprint-status-template.yaml","0eab069e4b598e8ed29229c06f4779bf196d395af49c2a2e48b9e5cbc70d58c3"
"yaml","tea.agent","bmm","bmad/bmm/agents/tea.agent.yaml",""
"yaml","team-fullstack","bmm","bmad/bmm/teams/team-fullstack.yaml","da8346b10dfad8e1164a11abeb3b0a84a1d8b5f04e01e8490a44ffca477a1b96"
"yaml","tech-writer.agent","bmm","bmad/bmm/agents/tech-writer.agent.yaml",""
"yaml","ux-designer.agent","bmm","bmad/bmm/agents/ux-designer.agent.yaml",""
"yaml","workflow","bmm","bmad/bmm/workflows/3-solutioning/create-epics-and-stories/workflow.yaml","15cf647154d63b6e234d9d347e8482743e60d16aac9f53d6eabb9025dafe5d29"
"yaml","workflow","bmm","bmad/bmm/workflows/3-solutioning/implementation-readiness/workflow.yaml","e2867da72a2769247c6b1588b76701b36e49b263e26c2949a660829792ac40e2"
"yaml","workflow","bmm","bmad/bmm/workflows/4-implementation/code-review/workflow.yaml","6d2a7982c5918672033d7c299eba22c773d403aaeb11a3e8a496cec5ca908735"
"yaml","workflow","bmm","bmad/bmm/workflows/4-implementation/correct-course/workflow.yaml","53bc0f2bc058cabf28febb603fd9be5d1171f6c8db14715ab65e7a0798bde696"
"yaml","workflow","bmm","bmad/bmm/workflows/4-implementation/create-story/workflow.yaml","af643ca53116b47bf9eb6ba40637202e2eaea54e8f2082c34949e9c02e36c876"
"yaml","workflow","bmm","bmad/bmm/workflows/4-implementation/dev-story/workflow.yaml","0e7a654791dd939458df2df4c89f745f1adc1dd0582bc7172094a8560b3ff262"
"yaml","workflow","bmm","bmad/bmm/workflows/4-implementation/retrospective/workflow.yaml","f9ccda4e0e7728797ce021f5ae40e5d5632450453471d932a8b7577c600f9434"
"yaml","workflow","bmm","bmad/bmm/workflows/4-implementation/sprint-planning/workflow.yaml","a594814b3a0860a9cb7cc24ad9f3dcbdec990ad870e404e4f25c4cedd9abe4f0"
"yaml","workflow","bmm","bmad/bmm/workflows/bmad-quick-flow/create-tech-spec/workflow.yaml","1fc651cbd6d67d1991c60ff066428e73fece37d66b110d61fa96f4c0e44f44a5"
"yaml","workflow","bmm","bmad/bmm/workflows/bmad-quick-flow/quick-dev/workflow.yaml","ab85eb6f74a2e03743ec74ab3882a07508642b56f5c73407af374f78a3606f6e"
"yaml","workflow","bmm","bmad/bmm/workflows/diagrams/create-dataflow/workflow.yaml","58e9c6b6c99e68d166ec3491ae3299d9f662480da39b5f21afa5bf7ccc82d7ad"
"yaml","workflow","bmm","bmad/bmm/workflows/diagrams/create-diagram/workflow.yaml","4ae7bb7fe57d40ef357ff74732ac672e2094691ae5f4a67515bf37c504604c4a"
"yaml","workflow","bmm","bmad/bmm/workflows/diagrams/create-flowchart/workflow.yaml","fde7e2dc8920839f0ad7012520fcbabf4fda004c38de546d891a987a29694e57"
"yaml","workflow","bmm","bmad/bmm/workflows/diagrams/create-wireframe/workflow.yaml","511a7d17d13c5cbc57a1d2c3f73d1a79b2952aa40242f3c6d1117901bb5c495b"
"yaml","workflow","bmm","bmad/bmm/workflows/document-project/workflow.yaml","219333bb489c0aa0b2538a4801a381502a9f581839889262f6ef102ea4d54be7"
"yaml","workflow","bmm","bmad/bmm/workflows/testarch/atdd/workflow.yaml","e0c095c8844f0a92f961e3570d5887b8a7be39a6a2e8c7c449f13eb9cf3e0fb9"
"yaml","workflow","bmm","bmad/bmm/workflows/testarch/automate/workflow.yaml","b7b3d6552f8d3e2a0d9243fca27e30ad5103e38798fadd02b6b376b3f0532aac"
"yaml","workflow","bmm","bmad/bmm/workflows/testarch/ci/workflow.yaml","d8d59916c937fef9ee5e2c454cfa0cda33e58d21b211d562a05681587b8fdde0"
"yaml","workflow","bmm","bmad/bmm/workflows/testarch/framework/workflow.yaml","2774679175fed88d0ef21be44418a26a82a5b9d1aa08c906373a638e7877d523"
"yaml","workflow","bmm","bmad/bmm/workflows/testarch/nfr-assess/workflow.yaml","dad49221c4dcb4e1fbcc118b5caae13c63a050412e402ff65b6971cfab281fe3"
"yaml","workflow","bmm","bmad/bmm/workflows/testarch/test-design/workflow.yaml","494d12c966022969c74caeb336e80bb0fce05f0bb4f83581ab7111e9f6f0596d"
"yaml","workflow","bmm","bmad/bmm/workflows/testarch/test-review/workflow.yaml","c5e272f9969b704aa56b83a22f727fa2188490d7f6e347bc65966e0513eefa96"
"yaml","workflow","bmm","bmad/bmm/workflows/testarch/trace/workflow.yaml","841eec77aba6490ba5672ac2c01ce570c38011e94574d870e8ba15bba78509f4"
"yaml","workflow","bmm","bmad/bmm/workflows/workflow-status/init/workflow.yaml","3f54117211a421790df59c6c0a15d6ba6be33a001489d013870f939aaa649436"
"yaml","workflow","bmm","bmad/bmm/workflows/workflow-status/workflow.yaml","6a1ad67ec954660fd8e7433b55ab3b75e768f7efa33aad36cf98cdbc2ef6575b"
"yaml","workflow-status-template","bmm","bmad/bmm/workflows/workflow-status/workflow-status-template.yaml","0ec9c95f1690b7b7786ffb4ab10663c93b775647ad58e283805092e1e830a0d9"
"csv","advanced-elicitation-methods","core","bmad/core/tasks/advanced-elicitation-methods.csv","e08b2e22fec700274982e37be608d6c3d1d4d0c04fa0bae05aa9dba2454e6141"
"csv","brain-methods","core","bmad/core/workflows/brainstorming/brain-methods.csv","0ab5878b1dbc9e3fa98cb72abfc3920a586b9e2b42609211bb0516eefd542039"
"md","bmad-master","core","bmad/core/agents/bmad-master.md","aa5aa9700f2222e21857012d6cbf16fb462c3e377cd3899cb505e938c44cac26"
"md","excalidraw-helpers","core","bmad/core/resources/excalidraw/excalidraw-helpers.md","37f18fa0bd15f85a33e7526a2cbfe1d5a9404f8bcb8febc79b782361ef790de4"
"md","library-loader","core","bmad/core/resources/excalidraw/library-loader.md","7c9637a8467718035257bcc7a8733c31d59dc7396b48b60200913731a17cb666"
"md","README","core","bmad/core/resources/excalidraw/README.md","a188224350e2400410eb52b7d7a36b1ee39d2ea13be1b58b231845f6bc37f21b"
"md","step-01-agent-loading","core","bmad/core/workflows/party-mode/steps/step-01-agent-loading.md","67fea74140f85bfcd0d26c202fa6fdc146861cf0a68405a8b15c971dddcaa20f"
"md","step-01-session-setup","core","bmad/core/workflows/brainstorming/steps/step-01-session-setup.md","62f485402f8b9ded853215ebcd11b9a34b67b5947a3faa769b606cc37f977e1e"
"md","step-01b-continue","core","bmad/core/workflows/brainstorming/steps/step-01b-continue.md","9d531b012f85a2a7c3ddd94a2adeb8189eab24c370d099dbabb1bd6e33b3a9cb"
"md","step-02-discussion-orchestration","core","bmad/core/workflows/party-mode/steps/step-02-discussion-orchestration.md","1f0a6ca96139f522cc26ce6fdf78b4f94297201a53f06c30fb30e65717957cfb"
"md","step-02a-user-selected","core","bmad/core/workflows/brainstorming/steps/step-02a-user-selected.md","24158414bfe6daa46c94e6e43a9ec3a8d9a6dfe1b2a5bd8b719d06c775dcc73d"
"md","step-02b-ai-recommended","core","bmad/core/workflows/brainstorming/steps/step-02b-ai-recommended.md","68774e344cdcffbbd8fd9c5bec5bbe4cfd5297eb9734fc542606831becc38441"
"md","step-02c-random-selection","core","bmad/core/workflows/brainstorming/steps/step-02c-random-selection.md","24b54de6ed3a3b0b87a23a28a69a5fa73e8bf9fb80353fb12db8258c1e29ac95"
"md","step-02d-progressive-flow","core","bmad/core/workflows/brainstorming/steps/step-02d-progressive-flow.md","34b53545f18cd26db8bff81072e1c6b38efe031969e72d79c7efa2814f3b9073"
"md","step-03-graceful-exit","core","bmad/core/workflows/party-mode/steps/step-03-graceful-exit.md","cea36ccba0c4a9167508b01a3a27e464b81029e17a14eea95100cbc7e5eddb8a"
"md","step-03-technique-execution","core","bmad/core/workflows/brainstorming/steps/step-03-technique-execution.md","a0f7ef0d58ccf21c1e10b9ab221f8dbcc8ddc0c09b322da3863996e8731b6409"
"md","step-04-idea-organization","core","bmad/core/workflows/brainstorming/steps/step-04-idea-organization.md","2a7f516d0e598ec3462795b1e5fe2bf2f3745276ca6ae609eed5562bacf46b0d"
"md","template","core","bmad/core/workflows/brainstorming/template.md","5c99d76963eb5fc21db96c5a68f39711dca7c6ed30e4f7d22aedee9e8bb964f9"
"md","validate-json-instructions","core","bmad/core/resources/excalidraw/validate-json-instructions.md","0970bac93d52b4ee591a11998a02d5682e914649a40725d623489c77f7a1e449"
"md","workflow","core","bmad/core/workflows/brainstorming/workflow.md","2e2a6e6e7ea3935e818389e4f7d8e204c81834a283ebd4cd89907b135105e715"
"md","workflow","core","bmad/core/workflows/party-mode/workflow.md","fcd4cda697fc181c47dbfd0139e939aae131a74a822c73ae70338a824e9439b3"
"xml","advanced-elicitation","core","bmad/core/tasks/advanced-elicitation.xml","3226423d2af0ee054ceb44b0f61be901dae5c0df91b0d30639fe683b12e052da"
"xml","bmad-web-orchestrator.agent","core","bmad/core/agents/bmad-web-orchestrator.agent.xml","ac556cdfe0b1bcf3eeffe9672b80e17d0df22e3e172de78e4b4899fbfd7760aa"
"xml","index-docs","core","bmad/core/tasks/index-docs.xml","c6a9d79628fd1246ef29e296438b238d21c68f50eadb16219ac9d6200cf03628"
"xml","shard-doc","core","bmad/core/tools/shard-doc.xml","a0ddae908e440be3f3f40a96f7b288bcbf9fa3f8dc45d22814a957e807d2bedc"
"xml","validate-workflow","core","bmad/core/tasks/validate-workflow.xml","63580411c759ee317e58da8bda6ceba27dbf9d3742f39c5c705afcd27361a9ee"
"xml","workflow","core","bmad/core/tasks/workflow.xml","7035538997058b22e30785bf81db2fc3519dce8c9e20f27def0d8f6d4e82673e"
"yaml","bmad-master.agent","core","bmad/core/agents/bmad-master.agent.yaml",""
"yaml","config","core","bmad/core/config.yaml","e38a87788ff97d524f29c711d6a0e6c671bed2feec048695caf8b1ac4dcfe5a8"
